alpha2,alpha3,iso_num,shortCountry,country,lat,long
AF,AFG,4,Afghanistan,Islamic Republic of Afghanistan,33,66
AL,ALB,8,Albania,Republic of Albania,41,20
DZ,DZA,12,Algeria,People's Democratic Republic of Algeria,28,3
AS,ASM,16,American Samoa,Territory of American Samoa,-14.3333333,-170
AD,AND,20,Andorra,Principality of Andorra,42.5,1.5
AO,AGO,24,Angola,Republic of Angola,-12.5,18.5
AG,ATG,28,Antigua and Barbuda,Antigua and Barbuda,17.05,-61.8
AZ,AZE,31,Azerbaijan,Republic of Azerbaijan,40.5,47.5
AR,ARG,32,Argentina,Argentine Republic,-34,-64
AU,AUS,36,Australia,Commonwealth of Australia,-25,135
AT,AUT,40,Austria,Republic of Austria,47.333333,13.333333
BS,BHS,44,Bahamas,Commonwealth of The Bahamas,24,-76
BH,BHR,48,Bahrain,Kingdom of Bahrain,26,50.5
BD,BGD,50,Bangladesh,People's Republic of Bangladesh,24,90
AM,ARM,51,Armenia,Republic of Armenia,40,45
BB,BRB,52,Barbados,Barbados,13.166667,-59.533333
BE,BEL,56,Belgium,Kingdom of Belgium,50.833333,4
BM,BMU,60,Bermuda,Bermuda,32.333333,-64.75
BT,BTN,64,Bhutan,Kingdom of Bhutan,27.5,90.5
BO,BOL,68,Bolivia,Plurinational State of Bolivia,-17,-65
BA,BIH,70,Bosnia and Herzegovina,Bosnia and Herzegovina,44.25,17.833333
BW,BWA,72,Botswana,Republic of Botswana,-22,24
BV,BVT,74,Bouvet Island,Bouvet Island,-54.433333,3.4
BR,BRA,76,Brazil,Federative Republic of Brazil,-10,-55
BZ,BLZ,84,Belize,Belize,17.25,-88.75
IO,IOT,86,British Indian Ocean Territory,British Indian Ocean Territory,-6,72
SB,SLB,90,Solomon Islands,Solomon Islands,-8,159
VG,VGB,92,British Virgin Islands,British Virgin Islands,18.5,-64.5
BN,BRN,96,Brunei,Negara Brunei Darussalam,4.5,114.666667
BG,BGR,100,Bulgaria,Republic of Bulgaria,43,25
MM,MMR,104,Burma,Union of Burma,22,98
BI,BDI,108,Burundi,Republic of Burundi,-3.5,30
BY,BLR,112,Belarus,Republic of Belarus,53,28
KH,KHM,116,Cambodia,Kingdom of Cambodia,13,105
CM,CMR,120,Cameroon,Republic of Cameroon,6,12
CA,CAN,124,Canada,Canada,60,-96
CV,CPV,132,Cape Verde,Republic of Cape Verde,16,-24
KY,CYM,136,Cayman Islands,Cayman Islands,19.5,-80.666667
CF,CAF,140,Central African Republic,Central African Republic,7,21
LK,LKA,144,Sri Lanka,Democratic Socialist Republic of Sri Lanka,7,81
TD,TCD,148,Chad,Republic of Chad,15,19
CL,CHL,152,Chile,Republic of Chile,-30,-71
CN,CHN,156,China,People's Republic of China,35,105
TW,TWN,158,Taiwan,Taiwan Province of China,24,121
CX,CXR,162,Christmas Island,Territory of Christmas Island,-10.5,105.666667
CC,CCK,166,Cocos (Keeling) Islands,Territory of Cocos (Keeling) Islands,-12,96.833333
CO,COL,170,Colombia,Republic of Colombia,4,-72
KM,COM,174,Comoros,Union of the Comoros,-12.166667,44.25
YT,MYT,175,Mayotte,Department of Mayotte,-12.833333,45.166667
CG,COG,178,Republic of the Congo,Republic of the Congo,-1,15
CD,COD,180,Democratic Republic of the Congo,Democratic Republic of the Congo,0,25
CK,COK,184,Cook Islands,Cook Islands,-16.083333,-161.583333
CR,CRI,188,Costa Rica,Republic of Costa Rica,10,-84
HR,HRV,191,Croatia,Republic of Croatia,45.166667,15.5
CU,CUB,192,Cuba,Republic of Cuba,22,-79.5
CY,CYP,196,Cyprus,Republic of Cyprus,35,33
CZ,CZE,203,Czech Republic,Czech Republic,49.75,15
BJ,BEN,204,Benin,Republic of Benin,9.5,2.25
DK,DNK,208,Denmark,Kingdom of Denmark,56,10
DM,DMA,212,Dominica,Commonwealth of Dominica,15.5,-61.333333
DO,DOM,214,Dominican Republic,Dominican Republic,19,-70.666667
EC,ECU,218,Ecuador,Republic of Ecuador,-2,-77.5
SV,SLV,222,El Salvador,Republic of El Salvador,13.833333,-88.916667
GQ,GNQ,226,Equatorial Guinea,Republic of Equatorial Guinea,2,10
ET,ETH,231,Ethiopia,Federal Democratic Republic of Ethiopia,8,38
ER,ERI,232,Eritrea,State of Eritrea,15,39
EE,EST,233,Estonia,Republic of Estonia,59,26
FO,FRO,234,Faroe Islands,Faroe Islands,62,-7
FK,FLK,238,Falkland Islands,Falkland Islands (Islas Malvinas),-51.75,-59.166667
GS,SGS,239,South Georgia and South Sandwich Islands,South Georgia and the South Sandwich Islands,-56,-33
FJ,FJI,242,Fiji,Republic of Fiji,-18,178
FI,FIN,246,Finland,Republic of Finland,64,26
FR,FRA,250,France,French Republic,46,2
GF,GUF,254,French Guiana,Department of Guiana,4,-53
PF,PYF,258,French Polynesia,French Polynesia,-15,-140
TF,ATF,260,French Southern and Antarctic Lands,French Southern and Antarctic Lands,-43,67
DJ,DJI,262,Djibouti,Republic of Djibouti,11.5,42.5
GA,GAB,266,Gabon,Gabonese Republic,-1,11.75
GE,GEO,268,Georgia,Georgia,41.999981,43.499905
GM,GMB,270,Gambia,Republic of The Gambia,13.5,-15.5
PS,PSE,275,Gaza Strip,Gaza Strip,31.425074,34.373398
PS,PSE,275,West Bank,West Bank,31.666667,35.25
DE,DEU,276,Germany,Federal Republic of Germany,51.5,10.5
GH,GHA,288,Ghana,Republic of Ghana,8,-2
GI,GIB,292,Gibraltar,Gibraltar,36.133333,-5.35
KI,KIR,296,Kiribati,Republic of Kiribati,-5,-170
GR,GRC,300,Greece,Hellenic Republic,39,22
GL,GRL,304,Greenland,Greenland,72,-40
GD,GRD,308,Grenada,Grenada,12.116667,-61.666667
GP,GLP,312,Guadeloupe,Department of Guadeloupe,16.25,-61.583333
GU,GUM,316,Guam,Territory of Guam,13.4444444,144.7366667
GT,GTM,320,Guatemala,Republic of Guatemala,15.5,-90.25
GN,GIN,324,Guinea,Republic of Guinea,11,-10
GY,GUY,328,Guyana,Co-operative Republic of Guyana,5,-59
HT,HTI,332,Haiti,Republic of Haiti,19,-72.416667
HM,HMD,334,Heard Island and McDonald Islands,Territory of Heard Island and McDonald Islands,-53,73
VA,VAT,336,Vatican City,State of the Vatican City,41.9,12.45
HN,HND,340,Honduras,Republic of Honduras,15,-86.5
HK,HKG,344,Hong Kong,Hong Kong Special Administrative Region,22.25,114.166667
HU,HUN,348,Hungary,Republic of Hungary,47,20
IS,ISL,352,Iceland,Republic of Iceland,65,-18
IN,IND,356,India,Republic of India,20,77
ID,IDN,360,Indonesia,Republic of Indonesia,-5,120
IR,IRN,364,Iran,Islamic Republic of Iran,32,53
IQ,IRQ,368,Iraq,Republic of Iraq,33,44
IE,IRL,372,Ireland,Ireland,53,-8
IL,ISR,376,Israel,State of Israel,31.5,34.75
IT,ITA,380,Italy,Italian Republic,42.833333,12.833333
[UNOFFICIAL]XK,XKX,383,Kosovo,Republic of Kosovo,42.583333,21
CI,CIV,384,Cote d'Ivoire,Republic of Cote d'Ivoire,8,-5
JM,JAM,388,Jamaica,Jamaica,18.25,-77.5
JP,JPN,392,Japan,Japan,36,138
KZ,KAZ,398,Kazakhstan,Republic of Kazakhstan,48,68
JO,JOR,400,Jordan,Hashemite Kingdom of Jordan,31,36
KE,KEN,404,Kenya,Republic of Kenya,1,38
KP,PRK,408,North Korea,Democratic People's Republic of Korea,40,127
KR,KOR,410,South Korea,Republic of Korea,37,127.5
KW,KWT,414,Kuwait,State of Kuwait,29.5,47.75
KG,KGZ,417,Kyrgyzstan,Kyrgyz Republic,41,75
LA,LAO,418,Laos,Lao People's Democratic Republic,18,105
LB,LBN,422,Lebanon,Republic of Lebanon,33.833333,35.833333
LS,LSO,426,Lesotho,Kingdom of Lesotho,-29.5,28.25
LV,LVA,428,Latvia,Republic of Latvia,57,25
LR,LBR,430,Liberia,Republic of Liberia,6.5,-9.5
LY,LBY,434,Libya,Libya,25,17
LI,LIE,438,Liechtenstein,Principality of Liechtenstein,47.166667,9.533333
LT,LTU,440,Lithuania,Republic of Lithuania,56,24
LU,LUX,442,Luxembourg,Grand Duchy of Luxembourg,49.75,6.166667
MO,MAC,446,Macau,Macau Special Administrative Region,22.157778,113.559722
MG,MDG,450,Madagascar,Republic of Madagascar,-20,47
MW,MWI,454,Malawi,Republic of Malawi,-13.5,34
MY,MYS,458,Malaysia,Malaysia,2.5,112.5
MV,MDV,462,Maldives,Republic of Maldives,3.2,73
ML,MLI,466,Mali,Republic of Mali,17,-4
MT,MLT,470,Malta,Republic of Malta,35.916667,14.433333
MQ,MTQ,474,Martinique,Department of Martinique,14.666667,-61
MR,MRT,478,Mauritania,Islamic Republic of Mauritania,20,-12
MU,MUS,480,Mauritius,Republic of Mauritius,-20.3,57.583333
MX,MEX,484,Mexico,United Mexican States,23,-102
MC,MCO,492,Monaco,Principality of Monaco,43.733333,7.4
MN,MNG,496,Mongolia,Mongolia,46,105
MD,MDA,498,Moldova,Republic of Moldova,47,29
ME,MNE,499,Montenegro,Montenegro,42.5,19.3
MS,MSR,500,Montserrat,Montserrat,16.75,-62.2
MA,MAR,504,Morocco,Kingdom of Morocco,32,-5
MZ,MOZ,508,Mozambique,Republic of Mozambique,-18.25,35
OM,OMN,512,Oman,Sultanate of Oman,21,57
NA,NAM,516,Namibia,Republic of Namibia,-22.56,17
NR,NRU,520,Nauru,Republic of Nauru,-0.533333,166.916667
NP,NPL,524,Nepal,Federal Democratic Republic of Nepal,28,84
NL,NLD,528,Netherlands,Kingdom of the Netherlands,52.5,5.75
CW,CUW,531,Cura√ßao,Land Curacao,12.166667,-69
AW,ABW,533,Aruba,Aruba,12.5,-69.966667
SX,SXM,534,Sint Maarten,Land Sint Maarten,18.04167,-63.06667
BQ,BES,535,Bonaire,"Bonaire, Sint Eustatius, and Saba",12.2,-68.25
NC,NCL,540,New Caledonia,New Caledonia,-21.5,165.5
VU,VUT,548,Vanuatu,Republic of Vanuatu,-16,167
NZ,NZL,554,New Zealand,New Zealand,-42,174
NI,NIC,558,Nicaragua,Republic of Nicaragua,13,-85
NE,NER,562,Niger,Republic of Niger,16,8
NG,NGA,566,Nigeria,Federal Republic of Nigeria,10,8
NU,NIU,570,Niue,Niue,-19.033333,-169.866667
NF,NFK,574,Norfolk Island,Territory of Norfolk Island,-29.033333,167.95
NO,NOR,578,Norway,Kingdom of Norway,62,10
MP,MNP,580,Northern Mariana Islands,Commonwealth of the Northern Mariana Islands,16,146
UM,UMI,581,US Minor Outlying Islands,United States Minor Outlying Islands,5.8811111,-162.0725
FM,FSM,583,Federated States of Micronesia,Federated States of Micronesia,5,152
MH,MHL,584,Marshall Islands,Republic of the Marshall Islands,10,167
PW,PLW,585,Palau,Republic of Palau,6,134
PK,PAK,586,Pakistan,Islamic Republic of Pakistan,30,70
PA,PAN,591,Panama,Republic of Panama,9,-80
PG,PNG,598,Papua New Guinea,Independent State of Papua New Guinea,-6,147
PY,PRY,600,Paraguay,Republic of Paraguay,-22.993333,-57.996389
PE,PER,604,Peru,Republic of Peru,-10,-76
PH,PHL,608,Philippines,Republic of the Philippines,13,122
PN,PCN,612,Pitcairn Islands,Henderson Ducie and Oeno Islands Pitcairn,-25.066667,-130.1
PL,POL,616,Poland,Republic of Poland,52,20
PT,PRT,620,Portugal,Portuguese Republic,39.5,-8
GW,GNB,624,Guinea-Bissau,Republic of Guinea-Bissau,12,-15
TL,TLS,626,Timor-Leste,Democratic Republic of Timor-Leste,-8.833333,125.75
PR,PRI,630,Puerto Rico,Commonwealth of Puerto Rico,18.2482882,-66.4998941
QA,QAT,634,Qatar,State of Qatar,25.5,51.25
RE,REU,638,Reunion,Department of Reunion,-21.1,55.6
RO,ROU,642,Romania,Romania,46,25
RU,RUS,643,Russia,Russian Federation,60,100
RW,RWA,646,Rwanda,Republic of Rwanda,-2,30
BL,BLM,652,Saint Barthelemy,Saint Barthelemy,17.9,-62.833333
SH,SHN,654,Ascension,Ascension and Tristan da Cunha Saint Helena,-15.95,-5.7
KN,KNA,659,Saint Kitts and Nevis,Federation of Saint Kitts and Nevis,17.333333,-62.75
AI,AIA,660,Anguilla,Anguilla,18.216667,-63.05
LC,LCA,662,Saint Lucia,Saint Lucia,13.883333,-60.966667
MF,MAF,663,Saint Martin,Saint Martin,18.075,-63.05833
PM,SPM,666,Saint Pierre and Miquelon,Territorial Collectivity of Saint Pierre and Miquelon,46.833333,-56.333333
VC,VCT,670,Saint Vincent and the Grenadines,Saint Vincent and the Grenadines,13.083333,-61.2
SM,SMR,674,San Marino,Republic of San Marino,43.933333,12.416667
ST,STP,678,Sao Tome and Principe,Democratic Republic of Sao Tome and Principe,1,7
SA,SAU,682,Saudi Arabia,Kingdom of Saudi Arabia,25,45
SN,SEN,686,Senegal,Republic of Senegal,14,-14
RS,SRB,688,Serbia,Republic of Serbia,44,21
SC,SYC,690,Seychelles,Republic of Seychelles,-4.583333,55.666667
SL,SLE,694,Sierra Leone,Republic of Sierra Leone,8.5,-11.5
SG,SGP,702,Singapore,Republic of Singapore,1.366667,103.8
SK,SVK,703,Slovakia,Slovak Republic,48.666667,19.5
VN,VNM,704,Vietnam,Socialist Republic of Vietnam,16.166667,107.833333
SI,SVN,705,Slovenia,Republic of Slovenia,46.25,15.166667
SO,SOM,706,Somalia,Somalia,6,48
ZA,ZAF,710,South Africa,South Africa,-30,26
ZW,ZWE,716,Zimbabwe,Republic of Zimbabwe,-19,29
ES,ESP,724,Spain,Kingdom of Spain,40,-4
SS,SSD,728,South Sudan,Republic of South Sudan,8,30
SD,SDN,729,Sudan,Republic of the Sudan,16,30
EH,ESH,732,Western Sahara,Western Sahara,25,-13.5
SR,SUR,740,Suriname,Republic of Suriname,4,-56
SJ,SJM,744,Svalbard,Svalbard and Jan Mayen,78,20
SZ,SWZ,748,Swaziland,Kingdom of Swaziland,-26.5,31.5
SE,SWE,752,Sweden,Kingdom of Sweden,62,15
CH,CHE,756,Switzerland,Swiss Confederation,47,8
SY,SYR,760,Syria,Syrian Arab Republic,35,38
TJ,TJK,762,Tajikistan,Republic of Tajikistan,39,71
TH,THA,764,Thailand,Kingdom of Thailand,15,100
TG,TGO,768,Togo,Togolese Republic,8,1.166667
TK,TKL,772,Tokelau,Tokelau,-9,-171.75
TO,TON,776,Tonga,Kingdom of Tonga,-20,-175
TT,TTO,780,Trinidad and Tobago,Republic of Trinidad and Tobago,11,-61
AE,ARE,784,United Arab Emirates,United Arab Emirates,24,54
TN,TUN,788,Tunisia,Tunisian Republic,34,9
TR,TUR,792,Turkey,Republic of Turkey,39.059012,34.911546
TM,TKM,795,Turkmenistan,Turkmenistan,40,60
TC,TCA,796,Turks and Caicos Islands,Turks and Caicos Islands,21.733333,-71.583333
TV,TUV,798,Tuvalu,Tuvalu,-8,178
UG,UGA,800,Uganda,Republic of Uganda,2,33
UA,UKR,804,Ukraine,Ukraine,49,32
MK,MKD,807,Macedonia,Republic of Macedonia,41.833333,22
EG,EGY,818,Egypt,Arab Republic of Egypt,27,30
GB,GBR,826,United Kingdom,United Kingdom of Great Britain and Northern Ireland,54,-4
GG,GGY,831,Guernsey,Bailiwick of Guernsey,49.583333,-2.333333
JE,JEY,832,Jersey,Bailiwick of Jersey,49.216667,-2.116667
IM,IMN,833,Isle of Man,Isle of Man,54.25,-4.5
TZ,TZA,834,Tanzania,United Republic of Tanzania,-6,35
US,USA,840,United States,United States of America,39.828175,-98.5795
VI,VIR,850,US Virgin Islands,United States Virgin Islands,18.3482891,-64.9834807
BF,BFA,854,Burkina Faso,Burkina Faso,13,-2
UY,URY,858,Uruguay,Oriental Republic of Uruguay,-33,-56
UZ,UZB,860,Uzbekistan,Republic of Uzbekistan,41.707542,63.84911
VE,VEN,862,Venezuela,Bolivarian Republic of Venezuela,8,-66
WF,WLF,876,Wallis and Futuna,Wallis and Futuna,-13.3,-176.2
WS,WSM,882,Samoa,Independent State of Samoa,-13.803096,-172.178309
YE,YEM,887,Yemen,Republic of Yemen,15.5,47.5
ZM,ZMB,894,Zambia,Republic of Zambia,-15,30
